Name,Address,County,ig_xcord,ig_ycord
A. C. Boles Limited,"390 South Circular Road, Dublin 8",Dublin,313901.6,232792.9
A. C. Boles Limited,"20 Lower Drumcondra Road, Dublin 9",Dublin,315937.34,236086.02
Abbey Healthcare,"Unit 1 Pottery Road Industrial Estate, Pottery Road, Dun Laoghaire, Co. Dublin",Dublin,322906.84,226652.22
Adam's Pharmacy Limited,"Main Street, Raheny, Dublin 5",Dublin,321534.94,238162.35
Adrian Dunne Pharmacy,"Unit 4, Tesco Shopping Centre, Hillcrest, Lucan, Co. Dublin",Dublin,302641.38,234729.21
Adrian Dunne Pharmacy,"Unit 4, Racecourse Shopping Centre, Baldoyle, Dublin 13",Dublin,323924.61,240081.3
Adrian Dunne Pharmacy,"394 Collins Avenue, Whitehall, Dublin 9",Dublin,317111.44,238241.8
Adrian Dunne Pharmacy,"12 Dublin Street, Balbriggan, Co. Dublin",Dublin,320306.15,263507.44
Advance Pharmacy,"14 Lower Drumcondra Road, Drumcondra, Dublin 9",Dublin,315935,236065.875
Allcare Pharmacy Crumlin,"Remedi Pharmacy Ltd., 66 Saint Agnes Road, Dublin 12, D12y16h",Dublin,312118.5636,230921.7569
Allcare Pharmacy Crumlin,"Remedi Pharmacy Ltd., 66 Saint Agnes Road, Dublin 12, D12y16h",Dublin,312118.5636,230921.7569
Allen's Pharmacy Limited,"10 Summerhill Parade, Dublin 1",Dublin,316651.17,235529.57
Ballybrack Medical Hall,"22 Church Road, Ballybrack, Co. Dublin",Dublin,325250.94,224133.28
Ballyfermot Pharmacy,"Tesco, Unit 3/4, Tesco Shopping Centre, Ballyfermot Road, Dublin 10",Dublin,309678.9386,233609.8129
Banks' Pharmacy,"195 Philipsburgh Avenue, Fairview, Dublin 3",Dublin,317264.53,237027.23
Barry's Pharmacy,"6 Cypress Park, Templeogue, Dublin 6W",Dublin,312823.126,228956.089
Bawnogue Pharmacy,"Unit 6, Bawnogue Shopping Centre, Bawnogue, Clondalkin, Dublin 22",Dublin,305915.89,231627.17
Baxter Healthcare,"7 Deansgrange Business Park, Blackrock, Co. Dublin",Dublin,322791.719,227026.109
Beacon Pharmacy,"Unit 34 The Mall, Beacon Court, Sandyford, Dublin 18",Dublin,318792.19,226564.7
Belarmine Pharmacy,"Unit 22, Belarmine Plaza, Belarmine Avenue, Stepaside, Dublin 18",Dublin,318785.06,224827.33
Bhagwan's Pharmacy,"Ballinteer Road, Dundrum, Dublin 16",Dublin,317088.41,226860.14
Blackglen Pharmacy,"Unit 1, Blackglen Village Centre, Simonsridge, Sandyford, Dublin 18",Dublin,317295.19,225671.56
Blackhall Pharmacy,"Unit 4, Ellis Court Business Centre, 13 Ellis Quay, Dublin 7",Dublin,314501.34,234311.27
Blackrock Clinic Pharmacy,"Rock Road, Blackrock, Co. Dublin",Dublin,320834.176,229634.997
Blanchardstown Village Pharmacy,"Unit 2 Mill House, Main Street, Blanchardstown, Dublin 15",Dublin,308172.02,238492.39
Bluebell Pharmacy,"4 La Touche Road, Blue Bell, Dublin 12",Dublin,311004.03,232317.59
Booterstown Pharmacy Limited,"87c Booterstown Avenue, Blackrock, Co. Dublin",Dublin,320133.31,229710.02
Boots,"75 Morehampton Road, Donnybrook, Dublin 4",Dublin,317275.45,231896.08
Boots,"The Square, Belgard Square East, Dublin 24",Dublin,308560.978,227497.769
Boots,"Unit 6, Charlestown Shopping Centre, Finglas, Dublin 11",Dublin,312884.34,240689.78
Boots,"Unit 1, Donaghmede Shopping Centre, Grange Road, Dublin 13",Dublin,322217.165,239858.026
Boots,"2 Church Road, Malahide, Co. Dublin, K36rf86",Dublin,322653.1886,246077.453
Boots,"St Stephen's Green Shopping Centre, Dublin 2",Dublin,315813.89,233574.34
Boots,"Liffey Valley Shopping Centre, Clondalkin, Dublin 22",Dublin,307133.38,234752.36
Boots,"Unit G06, The Pavillions Shopping Centre, Swords, Co. Dublin",Dublin,318361.56,246309.09
Boots,"Ilac Centre, Henry Street, Dublin 1",Dublin,315488.581,234716.029
Boots,"Glenageary Road Upper, Glenageary, Co. Dublin",Dublin,324385.469,227080.073
Boots,"Frascati Shopping Centre, Frascati Road, Blackrock, Co. Dublin",Dublin,321189.653,229378.221
Boots,"Units 223-224, Blanchardstown Centre, Blanchardstown, Dublin 15",Dublin,307143.997,239276.016
Boots,"Unit 27, The Mill Shopping Centre, Clondalkin, Dublin 22",Dublin,306909.858,231681.121
Boots,"Units 11 - 12, Millfield Shopping Centre, Balbriggan, Co. Dublin",Dublin,319361.6,263511.2
Boots,"134-135 Lower Baggot Street, Dublin 2",Dublin,316484.372,233328.001
Boots,"Unit 1-3, Phibsborough Place, Phibsborough Road, Dublin 7",Dublin,314983.688,235991.906
Boots,"302 Lower Rathmines Road, Rathmines, Dublin 6",Dublin,315632.01,231554.5
Boots,"Unit 95B, Omni Park Shopping Centre, Santry, Dublin 9",Dublin,316589.44,239384.69
Boots,"Unit 9 & 10, Jervis Street Shopping Centre, Mary Street, Dublin 1",Dublin,315551.56,234489.97
Boots,"Units 3-4, Bloomfield Shopping Centre, Dun Laoghaire, Co. Dublin",Dublin,324134.5,228499.2
Boots,"12 Grafton Street, Dublin 2",Dublin,315976.88,233862.23
Boots,"Level 3, The Square Shopping Centre, Tallaght, Dublin 24",Dublin,308632.98,227474.77
Boots,"20 Henry Street, Dublin 1",Dublin,315771.06,234620.88
Boots,"Unit B1, Nutgrove Shopping Centre, Rathfarnham, Dublin 14",Dublin,315585.63,227974.68
Boots,"32 Upper Baggot Street, Dublin 4",Dublin,317076.84,232889.25
Boots,"Unit A/b, Roselawn Shopping Centre, Roselawn Road, Dublin 15, D15dd82",Dublin,307648.9066,238161.1719
Bourke's Pharmacy,"Bourkes Pharmacy, 5 Saint Enda's Drive, Dublin 14",Dublin,314441.627,227905.968
Bourke's Pharmacy,"220 Lower Rathmines Road, Rathmines, Dublin 6",Dublin,315640.99,231731.73
Boylan's Pharmacy Limited,"9 Claddagh Green, Ballyfermot, Dublin 10",Dublin,308884.05,233518.82
Bradley's Pharmacy,"157 Killester Avenue, Dublin 5",Dublin,319246.67,237649.52
Bradley's Pharmacy,"63 Lower Mounttown, Dun Laoghaire, Co. Dublin",Dublin,323699.25,227776.08
Bradley's Pharmacy,"Units 251-252, Blanchardstown Shopping Centre, Blanchardstown, Dublin 15",Dublin,307144,239276.02
Bradley's Pharmacy,"5 Lower Kilmacud Road, Stillorgan, Co. Dublin",Dublin,319733.04,227955.04
Bradley's Pharmacy,"Unit 1, Dutch Village Shopping Centre, Woodford Walk, Clondalkin, Dublin 22",Dublin,308004.88,231587.36
Bradley's Pharmacy,"4 Landscape Road, Churchtown, Dublin 14",Dublin,315507.116,229018.782
Bradley's Pharmacy,"2a Fortfield Road, Kimmage, Dublin 6W",Dublin,313374.91,230359.97
Bradley's Pharmacy,"6 Thorncastle Street, Ringsend, Dublin 4",Dublin,318108.74,233861.08
Bradley's Pharmacy,"Unit 2, The Crescent, Mulhuddart, Dublin 15",Dublin,306897.81,240677.7
Bradley's Pharmacy,"50 Lower Dorset Street, Dublin 1",Dublin,315869.06,235851.34
Brady's Pharmacy,"12 Upper Camden Street, Dublin 2",Dublin,315626.27,232769.51
Brady's Pharmacy,"Unit 3 Skerries Point Shopping Centre, Kelly's Bay, Skerries, Co. Dublin",Dublin,323551.28,260645.86
Brecan Pharmacy,"Unit 2, Brecan House, Ballbriggan, Co. Dublin",Dublin,320190.656,263801.125
Brennan's Life Pharmacy,"1 Fairways Mall, Donabate, Co. Dublin",Dublin,322920.22,250060.31
Brennan's Pharmacy,"Taylors Lane, Ballyboden, Dublin 16",Dublin,313785.38,227059.38
Brookfield Pharmacy,"Unit 3, Sundale Shopping Centre, Fortunestown Way, Tallaght, Dublin 24",Dublin,306200.88,227207.2
Brookwood Pharmacy,"42 Brookwood Rise, Artane, Dublin 5",Dublin,320255.1,237954.64
Burnett's Pharmacy,"Burnett's, 42 George's Street Lower, Dun Laoghaire, Co. Dublin, A96x2y8",Dublin,324089.8136,228607.2499
Byrne's Allcare Pharmacy,"Byrne's, 1 Oxmantown Road, Dublin 7, D07hf43",Dublin,313633.0166,235191.365
Cadden's Pharmacy,"Unit 1, Tower S. Centre, Tower Road, Clondalkin, Dublin 22",Dublin,307020.84,231276.4
Cahill's Allcare Pharmacy,"Cahills Pharmacy, 36 Camden Street Lower, Dublin 2, D02xk68",Dublin,315552.1766,232976.7409
Capel Street Pharmacy Ltd.,"138 Capel Street, Dublin 1",Dublin,315272.781,234464.844
Cassidys Pharmacy,"Unit 3, Chandlers Guild, James's Street, Dublin 8",Dublin,313668.66,233813.69
Cassidys Pharmacy,"449 South Circular Road, Rialto, Dublin 8",Dublin,313416.07,233069.58
Chamber's Pharmacy,"127 Ballymun Road, Glasnevin, Dublin 9",Dublin,315452.71,238625.61
Chapelizod Pharmacy,"Main Street, Chapelizod, Dublin 20",Dublin,310255.56,234474.83
Churchtown Pharmacy,"121 Braemor Road, Churchtown, Dublin 14",Dublin,315814.22,229185.34
City Pharmacy,"14 Dame Street, Dublin 2",Dublin,315577.5,234023.75
Clearwater Pharmacy,"Unit 6A, Clearwater Shopping Centre, Finglas, Dublin 11",Dublin,313352.44,238272.98
Cleary's Pharmacy,"Unit 1, Strand Centre, Strand Road, Portmarnock, Co. Dublin",Dublin,323803.281,242763
Cleary's Pharmacy,"Unit 5, Irish Life Mall, Talbot Street, Dublin 1",Dublin,316119.469,234737.75
Clonsilla Pharmacy,"Clonsilla Pharamacy, The Thatch, Weaver's Row, Clonsilla Road, Dublin 15",Dublin,305762.3876,238143.858
Clontarf Hospital Pharmacy,"Castle Avenue, Clontarf, Dublin 3",Dublin,319246.932,236012.057
Clontarf Pharmacy Ltd,"192b Clontarf Road, Clontarf, Dublin 3",Dublin,320120.87,235842.37
Collis Pharmacy,"350 North Circular Road, Dublin 7",Dublin,314984.83,235860.86
Conefrey's Pharmacy Limited,"136 Pearse Street, Dublin 2",Dublin,316945.34,233946.46
Conway's Pharmacy,"93 Swords Road, Dublin 9, D09p9k5",Dublin,316722.2876,238227.025
Corduff Pharmacy,"Unit 1, Corduff Shopping Centre, Blanchardstown, Dublin 15",Dublin,308166.94,240002.13
Corr's Pharmacy (Clare Hall) Ltd.,"Elmfield Rise, Clare Hall, Dublin 13",Dublin,321705.97,240402.27
Corr's Pharmacy (Clonshaugh) Limited,"Unit 6 Clonshaugh Shopping Centre, Coolock, Dublin 17",Dublin,319286.01,240719
Corrigan's Pharmacy,"Corrigans Pharmacy, 80 Malahide Road, Dublin 3",Dublin,318016.723,236765.663
Cosgrove's Pharmacy,"105 Monkstown Road, Blackrock, Monkstown, Co. Dublin",Dublin,323122.97,228585.13
Costello's Late Night Pharmacy,"25 Marino Mart, Marino, Dublin 3",Dublin,317843.11,236352.14
Crescent Pharmacy,"68 Willow Park Crescent, Glasnevin, Dublin 11",Dublin,314107.38,239464.79
Cromcastle Pharmacy,"69 Cromcastle Road, Coolock, Dublin 5",Dublin,318308.74,239922.34
Cronin's Pharmacy,"1 Edenmore Shopping Centre, Raheny, Dublin 5",Dublin,320910.51,239048.27
Crowley's Pharmacy,"207 Decies Road, Ballyfermot, Dublin 10",Dublin,310309.33,233356.48
Crumlin Road Pharmacy,"Crumlin Pharmacy, 251 Crumlin Road, Dublin 12, D12e6v6",Dublin,312631.3956,232129.1369
Dalkey Pharmacy Ltd,"3 Railway Road, Dalkey, Co. Dublin",Dublin,326588.53,226808.63
Daly's Pharmacy,"109 Cabra Road, Cabra, Dublin 7",Dublin,314217.46,235913.91
Dargan's Chemist Limited,"Dargans, 19 Berkeley Street, Dublin 7, D07nr74",Dublin,315274.8506,235479.373
Darndale Village Pharmacy,"Unit 2, Darndale Belcamp Village Centre, Darndale, Dublin 17",Dublin,320115.53,240547.33
Davis Pharmacy,"34 Fairview Strand, Dublin 3, Dublin 3",Dublin,317265.56,236133.8
Declan O'Sullivan Pharmacy Limited,"Ballymount Road, Walkinstown, Dublin 12",Dublin,311061.88,230894.23
Denis Hickey Ltd,"Main Street, Rush, Co. Dublin",Dublin,326406.24,254142.9
Dermot Moran Pharmacy Ltd,"Firhouse Supervalu Shopping Centre, Firhouse, Tallaght, Dublin 24",Dublin,310686.88,226882
Deveney's Pharmacy,"16 Rathmines Road Upper, Dublin 6, D06pw27",Dublin,315561.1696,231488.4259
DocMorris Pharmacy,"Superquinn Shopping Centre, Blanchardstown, Dublin 15",Dublin,307918.761,238529.52
DocMorris Pharmacy,"Neilstown Shopping Centre, Clondalkin, Dublin 22",Dublin,306581.22,233168.35
DocMorris Pharmacy,"44 Tonlegee Road, Coolock, Dublin 5",Dublin,320131.22,239122.56
DocMorris Pharmacy,"Units 6 - 7, The Mill Shopping Centre, Clondalkin, Dublin 22",Dublin,306909.858,231681.121
DocMorris Pharmacy,"24 Stillorgan Shopping Centre, Stillorgan, Co. Dublin",Dublin,320071.8,228087.14
DocMorris Pharmacy,"Aylesbury Shopping Centre, Tallaght, Dublin 24",Dublin,308986.32,226286.36
DocMorris Pharmacy,"292 Ballyfermot Road, Ballyfermot, Dublin 10",Dublin,309783.102,233703.263
DocMorris Pharmacy,"Unit 7, The Village Centre, Rathborne, Ashtown, Dublin 15",Dublin,310978.41,237488.41
DocMorris Pharmacy,"47 Main Street, Finglas, Dublin 11",Dublin,313308.37,238871.42
DocMorris Pharmacy,"Supervalu Shopping Centre, Killester, Dublin 3",Dublin,319403.58,237068.22
DocMorris Pharmacy,"413 Howth Road, Raheny, Dublin 5",Dublin,321358.27,238157.7
DocMorris Pharmacy,"54 St Brigids Road, Artane, Dublin 5",Dublin,319468.74,238355.77
DocMorris Pharmacy,"Artane Castle Shopping Centre, Kilmore Road, Dublin 5",Dublin,318816.27,238469.72
DocMorris Pharmacy,"2, Kilbarrack Shopping Centre, Kilbarrack, Dublin 5",Dublin,321996.781,239134.954
DocMorris Pharmacy,"Main Street, Tallaght, Dublin 24",Dublin,309596,227683
DocMorris Pharmacy,"Upper George's Street, Dun Laoghaire, Co. Dublin",Dublin,324404.64,228493.32
DocMorris Pharmacy,"11 Braemor Road, Churchtown, Dublin 14",Dublin,316043.81,228694.35
DocMorris Pharmacy,"1 Chaplains Place, Rowlagh, Dublin 22",Dublin,306804.31,233890.61
DocMorris Pharmacy,"39, Stoneybatter, Stoneybatter, Dublin 7",Dublin,314454.938,234681.953
DocMorris Pharmacy,"53 Kilbarrack Road, Kilbarrack, Dublin 5",Dublin,323306.83,238962.57
DocMorris Pharmacy,"103a New Cabra Road, Cabra, Dublin 7",Dublin,314255.78,235915.55
DocMorris Pharmacy,"Unit 3, Main Street, Castleknock Shopping Centre, Castleknock, Dublin 15",Dublin,309127.46,237089.18
DocMorris Pharmacy,"Northside Shopping Centre, Coolock, Dublin 17",Dublin,318885.59,239867.35
DocMorris Pharmacy,"282 Lower Rathmines Road, Rathmines, Dublin 6",Dublin,315631.51,231598.89
DocMorris Pharmacy,"4 Fitzmaurice Road, Glasnevin, Dublin 11",Dublin,314717.12,238267.54
DocMorris Pharmacy,"Units 1-2, Woodview Court, Tandy's Lane, Lucan, Co. Dublin",Dublin,302592.63,234789.52
DocMorris Pharmacy,"10 Upper Drumcondra Road, Drumcondra, Dublin 9",Dublin,316240.56,236827.73
DocMorris Pharmacy,"Superquinn Shopping Centre, Lucan, Co. Dublin",Dublin,303072.36,234170.64
DocMorris Pharmacy,"Castlecourt Shopping Centre, Castleknock, Dublin 15",Dublin,308984.47,237291.98
DocMorris Pharmacy,"Nutgrove Shopping Centre, Rathfarnham, Dublin 14",Dublin,315585.63,227974.68
DocMorris Pharmacy,"2 Main Street, Blanchardstown, Dublin 15",Dublin,308047.34,238607.05
DocMorris Pharmacy,"199 Crumlin Road, Crumlin, Dublin 12",Dublin,312916.19,232184.81
DocMorris Pharmacy,"Superquinn Shopping Centre, Knocklyon, Dublin 16",Dublin,312246.08,227145.94
DocMorris Pharmacy,"Spar Shopping Centre, Carpenterstown Road, Castleknock, Dublin 15",Dublin,307239.32,236964.21
DocMorris Pharmacy,"Bird Avenue, Clonskeagh, Dublin 14",Dublin,317578.32,229737.11
DocMorris Pharmacy,"20 St. Agnes's Road, Crumlin Village, Dublin 12",Dublin,312285.99,231230.1
DocMorris Pharmacy,"8 The Mall, Donnybrook, Dublin 4",Dublin,317472.63,231652.45
DocMorris Pharmacy,"Leopardstown Shopping Centre, Ballyogan Road, Leopardstown, Dublin 18",Dublin,320337.47,224697.98
DocMorris Pharmacy,"Frascati Shopping Centre, Blackrock, Co. Dublin",Dublin,321261.65,229355.22
DocMorris Pharmacy,"Ashleaf Shopping Centre, Crumlin Cross, Dublin 12",Dublin,312183.4,230789.74
Doherty's Pharmacy Ltd,"2 Shantalla Road, Beaumont, Dublin 9",Dublin,317561.13,238700.09
Donabate Pharmacy,"Unit 1, Ballalease North, Portrane Road, Donabate, Co. Dublin",Dublin,323769.5,250743.94
Donaghmede Allcare Pharmacy,"Unit 5, Donaghmede Shopping Centre, Grange Road, Dublin 13",Dublin,322213.1656,239858.026
Doran's Pharmacy Limited,"Ballybrack Shopping Centre, Churchview Road, Ballybrack, Co. Dublin",Dublin,324573.94,224483.83
Dowling's Pharmacy,"147 Church Street, Dublin 7",Dublin,314896.5,234494.93
Dowling's Pharmacy,"6 Lower Baggot Street, Dublin 2",Dublin,316433.06,233371.84
Doyle's Pharmacy,"3 Vernon Avenue, Clontarf, Dublin 3",Dublin,320164,235842.84
Dunville Pharmacy,"32-34 Dunville Avenue, Ranelagh, Dublin 6",Dublin,316216.57,231492.73
Edward Mac Manus Pharmacy,"Civic Centre, Ballymun, Dublin 9",Dublin,315569.97,239741.39
Edward MacManus Pharmacy,"19 Ballymun Shopping Centre, Dublin 11",Dublin,315384.34,239844.54
Errigal Pharmacy Limited,"16 Errigal Road, Drimnagh, Dublin 12",Dublin,311888.91,231901.96
Evelyn Bradley Limited,"48 St. Brigid's Road, Artane, Dublin 5",Dublin,319469.6,238334.03
Farmer's Pharmacy,"Unit 1 Leopardstown Valley Shopping Centre, Ballyogan Road, Sandyford, Dublin 18",Dublin,320306.28,224622.41
Farmer's Pharmacy,"56 Main Street, Dundrum, Dublin 14",Dublin,317198.74,227965.01
Fingal Pharmacy Limited,"Superquinn Shopping Centre, Mc Kee Avenue, Dublin 11",Dublin,313211.01,239129.62
Finnegan's Pharmacy Limited,"41 Sallynoggin Road, Dun Laoghaire, Co. Dublin",Dublin,324046.53,226849.33
Finnstown Pharmacy,"Unit 4 Finnstown Centre, Lucan, Co. Dublin",Dublin,303182.69,233428.83
Fitzmaurice Chemists Limited,"150 Church Road, East Wall, Dublin 3",Dublin,317552.83,235291.23
Flanagan's Berkeley Road Pharmacy Ltd,"18 Berkeley Road, Phibsboro, Dublin 7",Dublin,315226.52,235675.06
Flanagan's Instore Pharmacy,"Clearwater Shopping Centre, Finglas, Dublin 11",Dublin,313352.438,238272.984
Foley's Pharmacy,"Ballyowen Castle S. Centre, Lucan, Co. Dublin",Dublin,305124.96,234159.9
Foley's Pharmacy,"Foley's, 39/40 Meath Street, Dublin 8, D08t0x4",Dublin,314650.4546,233614.341
Foley's Pharmacy,"Unit 8 Palmerstown S.C., Palmerstown, Dublin 20",Dublin,308025.72,234529.94
Foley's Pharmacy,"136 Parnell Street, Dublin 1",Dublin,315985.66,235127.66
Foley's Pharmacy,"Applewood Village, Swords, Co. Dublin",Dublin,317387.53,248223.53
Foley's of Clontarf,"Foleys Pharmacy, 63 Clontarf Road, Dublin 3",Dublin,318664.974,236172.855
Fortfield Pharmacy,"48 Fortfield Park, Terenure, Dublin 6",Dublin,313053.76,229293.6
Freyne & Co. Limited,"Orchard Road, Clondalkin, Dublin 22",Dublin,307110.97,231352.11
Gallery Quay Pharmacy,"Unit G6 Gallery Quay, Grand Canal Dock, Pearse Street, Dublin 2",Dublin,317259.59,233928.98
Galtymore Allcare Pharmacy,"Galtymore Pharmacy, 131 Galtymore Road, Dublin 12, D12hx4a",Dublin,311922.6916,232887.7119
Georges Street Pharmacy,"4 Upper Georges Street, Dun Laoghaire, Co. Dublin",Dublin,324339,228464.11
Gilsenan's Pharmacy,"1-2 Town Centre Mall, Main Street, Swords, Co. Dublin",Dublin,318261.84,246725.78
Glenview Pharmacy Limited,"194 Glenview Park, Tallaght, Dublin 24",Dublin,310483.77,227711.88
Gormley Pharmacy,"5 Nolan Avenue, Churchtown, Dublin 14",Dublin,316306.91,227813.58
Grange Pharmacy,"2 Clonkeen Road, Deansgrange, Blackrock, Co. Dublin",Dublin,322488.425,226907.852
Grattan Pharmacy,"13 Grattan Crescent, Inchicore, Dublin 8",Dublin,311931.36,233507.85
Green Park Pharmacy,"Green Park Shopping Centre, Clondalkin, Dublin 22",Dublin,306450.96,230488.62
Greendale Pharmacy,"Unit 3, Kish House, Greendale Road, Dublin 5",Dublin,322796.1006,238822.4999
Greene's Pharmacy,"36 Main Street, Rathfarnham, Dublin 14",Dublin,314350.06,228896
Greene's Pharmacy Limited,"Greene's, 36 Main Street, Rathfarnham, Dublin 14",Dublin,314278.062,228918.997
Greenhills Pharmacy Limited,"133 St. Peter's Road, Walkinstown, Dublin 12",Dublin,311546.84,230376.31
Greenlea Pharmacy Limited,"116 Greenlea Road, Terenure, Dublin 6W",Dublin,313346.86,229888.33
Griffin's Pharmacy Limited,"Griffins Medical Hall, 1 The Mall, Lower Main Street, Lucan, Co. Dublin",Dublin,303395.344,235436.406
"Guide Pharmacy, St James Hospital","Diabetes Day Centre, Hospital 5, Saint James's Hospital, James's Street, Dublin 8",Dublin,313747.2216,233467.663
Guinness Pharmacy,"Diageo Ireland, St. James's Gate, Dublin 8",Dublin,314329.79,233904.87
HSQ Pharmacy,"Unit 1, Block 7, Heuston South Quarter, Military Road, Dublin 8",Dublin,313481,234020
Hamilton Long Pharmacy,"Unit 5, Lower O'Connell Street, Dublin 1",Dublin,315995.281,234473.75
Hartstown Pharmacy,"Unit 2, Hartstown Shopping Centre, Clonsilla, Dublin 15",Dublin,305151.13,239182.6
Health Express ,"O'farrells Pharmacy, Unit 6, Artane Castle Shopping Centre, Kilmore Road, Dublin 5",Dublin,318740.2696,238492.716
Health Express Pharmacy,"Unit 6, Aylesbury Shopping Centre, Tallaght, Dublin 24",Dublin,308986.32,226286.36
Healthwave,"Dundrum Town Centre, Sandyford Road, Dublin 16",Dublin,317189.906,227708.234
Hermitage Medical Clinic Limited,"Hermitage Medical Clinic, Old Lucan Road, Dublin 20, Dublin 20",Dublin,306276.84,235444.5
Hickey's Pharmacy,"55 Lower O'Connell Street, Dublin 1",Dublin,315942.3,234431.65
Hickey's Pharmacy,"85 Terenure Road North, Dublin 6",Dublin,314498.458,230299.131
Hickey's Pharmacy,"Unit 13, Fortunestown Lane Shopping Centre, Tallaght, Dublin 24",Dublin,307426.48,227428.84
Hickey's Pharmacy,"Unit 10, Main Street, Ongar Village, Dublin 15",Dublin,303886.8,239490.6
Hickey's Pharmacy,"6 Post Office Buildings, Henry Street, Dublin 1",Dublin,315840.76,234642.79
Hickey's Pharmacy,"21 Grafton Street, Dublin 2",Dublin,315951.75,233793.1
Hickey's Pharmacy,"Unit 10, Meakstown Neighbourhood Centre, Meakstown, Finglas, Dublin 11",Dublin,313210.969,240456.281
Hickey's Pharmacy,"3 Cardiffsbridge Road, Finglas, Dublin 11",Dublin,312301.324,238516.975
Hickey's Pharmacy,"33 Northside Shopping Centre, Coolock, Dublin 17",Dublin,318885.59,239867.35
Hickey's Pharmacy,"Dunnes Stores Shopping Centre, Cardiffsbridge Road, Finglas, Dublin 11",Dublin,312371.32,238493.98
Hickey's Pharmacy,"Supervalu, Mckee Avenue, Dublin 11, D11kr8p",Dublin,313133.0116,239152.617
Hickey's Pharmacy,"Garveys, Unit 9, Neilstown Shopping Centre, Neilstown Road, Dublin 22",Dublin,306503.2226,233191.3539
Hickey's Pharmacy,"Supervalu, Mckee Avenue, Dublin 11, D11kr8p",Dublin,313133.0116,239152.617
Hickey's Pharmacy,"290/292 Harold's Cross Road, Dublin 6w",Dublin,314663.258,231334.431
Hickey's Pharmacy,"Unit 6 Phibsboro Shopping Centre, Dublin 7",Dublin,315003.78,236034.04
Hickey's Pharmacy,"18 Meath Street, Dublin 8, D08v2k0",Dublin,314597.3136,233757.9999
Hickey's Pharmacy,"5 Main Street, Finglas, Dublin 11",Dublin,313274.35,238875.64
Hickey's Pharmacy,"Unit 36, Crumlin Shopping Centre, Crumlin, Dublin 12",Dublin,313263.15,232413.06
Hickey's Pharmacy,"Unit 2, Tyrrelstown Town Centre, Dublin 15",Dublin,307510.41,242250.44
Hickey's Pharmacy,"Balbriggan Primary Care Ltd., 70 Dublin Street, Balbriggan, Co. Dublin, K32hc94",Dublin,320189.6996,263249.343
Hickey's Pharmacy,"Unit 254, The Square Shopping Centre, Tallaght, Dublin 24",Dublin,308632.98,227474.77
Hilltop Pharmacy,"Hilltop Shopping Centre, Station Road, Raheny, Dublin 5",Dublin,321513.922,238823.533
Hilton's Allcare Pharmacy,"Hilton's Pharmacy, Unit 108/109, Dun Laoghaire Shopping Centre, Co. Dublin",Dublin,324327.5636,228490.7189
Hilton's Pharmacy,"3 Hilson House, Magic Carpet Mall, Cornelscourt, Dublin 18",Dublin,322356.72,225842.16
Hilton's Pharmacy (Parnell Street) Ltd.,"Unit 4, Greencourt, Parnell Street, Dublin 1",Dublin,315637.31,234795.3
Hilton's Pharmacy (Rathfarnham) Ltd.,"11 Main Street, Rathfarnham, Dublin 14",Dublin,314372.36,229009.98
Homepharm Limited,"45a Homefarm Road, Drumcondra, Dublin 9",Dublin,316154.65,237407.31
Hunters Pharmacy Windy Arbour Limited,"5 Olivemount Terrace, Windy Arbour, Dundrum, Dublin 14",Dublin,317015.95,229675.68
Huntstown Pharmacy Limited,"Unit 6, Pinewood House, Huntstown Road, Huntstown, Dublin 15",Dublin,305959.18,240222.53
Janet Dillon Pharmacy,"Unit 2, Norseman Court, Manor Street, Dublin 7",Dublin,314389.34,234774.27
Jobstown Pharmacy,"Unit 2 Kiltalawn Shopping Centre, Jobstown, Tallaght, Dublin 24",Dublin,306745.72,226450.81
John Byrne Chemist Ltd,"4 Merrion Road, Ballsbridge, Dublin 4",Dublin,317922.15,232429.17
Johnson Pharmacy,"Johnson's Pharmacy, Supervalu Shopping Centre, Walkinstown Road, Dublin 12, D12xdk2",Dublin,311283.7446,231456.3229
Johnstons Pharmacy,"21-23 Ranelagh, Dublin 6",Dublin,316282.86,231988.75
Johnstown Pharmacy Limited,"31 Johnstown Road, Dun Laoghaire, Co. Dublin",Dublin,323743.69,225809.91
Jordan's Pharmacy,"43 Sundrive Road, Dublin 12",Dublin,313768.82,231419.208
Keatinge's Pharmacy,"3 Tyrconnell Road, Inchicore, Dublin 8",Dublin,311896.98,233409.95
Kelly's Allcare Pharmacy,"Old Nangor Road, Dublin 22, D22v2y8",Dublin,305725.7816,231208.0469
Kerins Allcare Pharmacy,"Kerins Pharmacy, 32 Castle Street, Dalkey, Co. Dublin, A96rd37",Dublin,326467.7566,226872.9619
Kerins Allcare Pharmacy,"Kerins Pharmacy, 32 Castle Street, Dalkey, Co. Dublin, A96rd37",Dublin,326467.7566,226872.9619
Kiely's Pharmacy,"282 Ballyfermot Road, Ballyfermot, Dublin 10",Dublin,309853.77,233705.5
Kiely's Pharmacy,"203 Le Fanu Road, Ballyfermot, Dublin 10",Dublin,309497.55,233636.78
Kilbarrack Pharmacy (Stack's),"Units 17 - 18, Kilbarrack Shopping Centre, Kilbarrack, Dublin 5",Dublin,321996.78,239134.95
Killinarden Pharmacy,"Unit 4, Killinarden Shopping Centre, Tallaght, Dublin 24",Dublin,308134.63,226375.66
Kilmacud Pharmacy,"1a Drummartin Road, Kilmacud, Dublin 14",Dublin,318592.57,227940.46
Kingswood Pharmacy,"Ut. 6, Kingswood Shopping Centre, Tallaght, Dublin 24",Dublin,308860.77,229827.24
Kinsealy Pharmacy,"Unit 10, Feltrim Shopping Centre, Drynam Road, Swords, Co. Dublin",Dublin,319599.47,245423.13
Kinvara Pharmacy,"41 Kinvara Park, Navan Road, Dublin 7, D07p584",Dublin,311907.5346,236740.848
Lalor's Pharmacy,"69 Collins Avenue, Dublin 9",Dublin,318191.864,237758.817
Leech Pharmacy,"43 Ranelagh, Dublin 6",Dublin,316370.83,231902.74
Leonard's Corner Pharmacy Limited,"106 South Circular Road, Dublin 8",Dublin,314984.64,232703.36
Liam Murray Chemists Limited,"20/21 Talbot Street, Dublin 1",Dublin,316317.78,234808.45
Life Pharmacy,"241 Swords Road, Santry, Dublin 9",Dublin,316738.48,238989.02
Life Pharmacy,"Unit 18, Swan Shopping Centre, Rathmines, Dublin 6",Dublin,315585.9156,231761.0529
Littlepace Pharmacy,"Littlepace Shopping Centre, Clonee, Dublin 15",Dublin,304710.72,240508.78
Lloyd's Pharmacy,"The Meath Community Service, Heytesbury Street, Dublin 8",Dublin,315202.769,233116.038
Lloyds Pharmacy,"Unit 15, Omni Park Shopping Centre, Santry, Dublin 9",Dublin,316589.4396,239384.688
Lloyds Pharmacy,"Main Street, Shankill, Co. Dublin",Dublin,325302.7006,221665.6799
Lombard Pharmacy,"32 Lombard Street East, Dublin 2",Dublin,316642.21,234088.88
Lusk Pharmacy,"Unit 2, 69 Main Street, Lusk, Co. Dublin",Dublin,321564.22,254597.41
MacNamara's Pharmacy,"30 Main Street, Swords, Co. Dublin",Dublin,318220,246786.28
MacNamara's Pharmacy,"Boroimhe Shopping Centre, Boroimhe, Swords, Co. Dublin",Dublin,317130.44,245499.05
MacNamara's Pharmacy,"Unit 4, Swords Retail Centre, Dublin Road, Swords, Co. Dublin",Dublin,318053.44,246371.49
MacNamara's Pharmacy,"Macnamara's Pharmacy, Raheny Shopping Centre, Dublin 5",Dublin,321270.91,238204.65
Mackens Pharmacy Ltd,"41 Main Street, Blackrock, Co. Dublin",Dublin,321566.92,229372.41
Magner's Pharmacy,"Unit 24, Edenmore Shopping Centre, Edenmore, Dublin 5",Dublin,320984.23,239112.24
Magner's Pharmacy,"16 Kincora Avenue, Clontarf, Dublin 3",Dublin,319229.57,236303.54
Magner's Pharmacy,"Old Swiss Cottage Building, Swords Road, Santry, Dublin 9",Dublin,316793.07,239877.56
Magner's Pharmacy,"175 Howth Road, Killester, Dublin 3",Dublin,319429.59,237087.28
Manor Pharmacy,"21 Manor Street, Dublin 7, D07fp21",Dublin,314260.3736,234950.8169
Maple Pharmacy,"Unit 3, The Maple Centre, Navan Road, Cabra, Dublin 7",Dublin,313311.84,235870.8
Mark Ellis Pharmacy,"2 Alderwood Court, Dublin 24",Dublin,307895.671,227513.693
Marley Park Pharmacy,"Unit 3 Grange Road Retail Centre, Rathfarnham, Dublin 16",Dublin,315782.75,226595.41
Maxwell's Pharmacy,"Maxwell's, Unit 6, Orwell Shopping Centre, Orwell Park, Dublin 6w",Dublin,311903.96,228952.071
Maxwell's Pharmacy,"28 Castle Street, Dalkey, Co. Dublin",Dublin,326564.71,226864.02
McCabes Pharmacy,"Mccabe's Pharmacy, The Diamond, Main Street, Malahide, Co. Dublin",Dublin,322616.3446,246112.344
McCabes Pharmacy,"Mccabe's Pharmacy, The Diamond, Main Street, Malahide, Co. Dublin",Dublin,322616.3446,246112.344
McCabes Pharmacy,"Mccabe's Pharmacy, Unit 2, Yellow Walls Road, Malahide, Co. Dublin",Dublin,321518.7486,246144.616
McCabes Pharmacy,"Mccabe's Pharmacy, The Diamond, Main Street, Malahide, Co. Dublin",Dublin,322616.3446,246112.344
McCabes Pharmacy,"Mccabe's Pharmacy, Unit 1/2, Clarehall Shopping Centre, Malahide Road, Dublin 17",Dublin,321025.5636,240534.531
McCabes Pharmacy,"Units 17 - 19, Dundrum Town Centre, Dundrum, Dublin 16",Dublin,317261.91,227685.23
McCabes Pharmacy,"Mccabe's Pharmacy, Unit 2, Yellow Walls Road, Malahide, Co. Dublin",Dublin,321518.7486,246144.616
McCabes Pharmacy,"Caulfields Supervalue, Unit 1, Malahide Shopping Centre, Main Street Co. Dublin",Dublin,322673.1796,246150.033
McCartan's Pharmacy,"Unit 4, Carrickhills S.C., Portmarnock, Co. Dublin",Dublin,324288.38,244328.02
McCartan's Pharmacy,"Unit 1, Superquinn Shopping Centre, Sutton, Dublin 13",Dublin,323767.78,239177.11
McCartan's Pharmacy,"Unit 11, Block B, Castlemill Shopping Centre, Hamlet Lane, Balbriggan Co. Dublin",Dublin,318763.72,264055.06
McDermott's Pharmacy,"Mcdermotts, 5/6 Main Street, Howth, Co. Dublin, D13p2c1",Dublin,328702.9486,239024.32
McDermott's Pharmacy,"Mcdermotts, 5/6 Main Street, Howth, Co. Dublin, D13p2c1",Dublin,328702.9486,239024.32
McFadden's Pharmacy,"1a Prussia Street, Dublin 7",Dublin,314136.159,235085.956
McKay's Pharmacy,"33 Shanard Road, Santry, Dublin 9",Dublin,316025.66,239239.41
McKee Pharmacy,"2 Mc Kee Road, Finglas, Dublin 11",Dublin,313516.85,239227.52
McLaughlin's Pharmacy,"153 Drimnagh Road, Dublin 12",Dublin,311594.45,231707.74
McMeel's Pharmacy,"27 Strand Street, Skerries, Co. Dublin",Dublin,325464.1,260537.27
McNally Pharmacy,"Unit 1, Manor Mall Shopping Centre, Brackenstown, Swords, Co. Dublin",Dublin,316598.88,247033.41
Meagher's Chemist,"10 Upper Baggot Street, Dublin 4",Dublin,317000.56,232930.7
Meagher's Chemist,"69 Ranelagh Village, Ranelagh, Dublin 6",Dublin,316465.8,231839.76
Meagher's Pharmacy,"22 - 24 Sandford Road, Ranelagh, Dublin 6",Dublin,316742.49,231710.36
Meagher's Pharmacy,"The Gasworks Building, Barrow Street, Dublin 4",Dublin,317520.84,233598.47
Meagher's Pharmacy (Castletymon),"5 Castletymon Shopping Centre, Tallaght, Dublin 24",Dublin,310634.06,228518.52
Median Healthcare Pharmacy,"Unit 5, The Westway Centre, Ballymount Avenue, Dublin 12",Dublin,310002.524,230545.057
Medipharm,"7 Arbourfield Terrace, Dundrum Road, Dundrum, Dublin 14",Dublin,317056.52,229380.76
Medipharm Pharmacy,"16 South Great George's Street, Dublin 2",Dublin,315657.73,233918.22
Moloney's Pharmacy,"Grange Cross, Ballyfermot, Dublin 10",Dublin,309500.21,233725.72
Monkstown Pharmacy Limited,"26 Oliver Plunkett Road, Dun Laoghaire, Co. Dublin",Dublin,323203.89,227686.8
Moore's Pharmacy,"2 St. Agnes Road, Crumlin, Dublin 12",Dublin,312176.52,231362.98
Morehampton Pharmacy,"79 Morehampton Road, Donnybrook, Dublin 4",Dublin,317285.88,231884.19
Morgan's Pharmacy,"2-4 Fairview Strand, Fairview, Dublin 3",Dublin,317359.09,236125.3
Mount Merrion Pharmacy,"71 Deerpark Road, Mount Merrion, Co. Dublin",Dublin,319239,228779.56
Mulvey's Pharmacy,"2 Sandyford Village, Sandyford, Dublin 18",Dublin,318503.59,225856.08
Mulvey's Pharmacy,"Unit 2 The Village, Stepaside, Co. Dublin",Dublin,319209.09,223950.63
Mulvey's Pharmacy ,"Mulveys Pharmacy, 16/17 Main Street, Dundrum, Dublin 14, D14h0c9",Dublin,317038.7416,228056.7409
Murray's Pharmacy,"Unit 13, Killiney Shopping Cenre, Rochestown Avenue, Killiney, Co. Dublin",Dublin,324440.248,225715.858
Murray's Pharmacy,"56 Serpentine Avenue, Ballsbridge, Dublin 4",Dublin,318299.41,232591.33
New Bawn Pharmacy,"Unit 5 St. Dominic's Road Shopping Centre, Tallaght, Dublin 24",Dublin,309742.65,227340.49
Newcastle-Lyons Pharmacy Ltd,"Unit 4 Cornerpark, Newcastle, Co. Dublin",Dublin,300099.34,228778.89
Newtownpark Pharmacy,"3 Newtown Park, Blackrock, Co. Dublin",Dublin,321625.84,227830.89
Nolan's Pharmacy,"Unit 3, Glenageary Shopping Centre, Glenageary, Co. Dublin",Dublin,324469.26,227053.95
O'Connor's Pharmacy,"4/6 Bath Avenue, Sandymount, Dublin 4",Dublin,317686.24,233322.63
O'Dea's Pharmacy,"Lorcan Avenue, Santry, Dublin 9",Dublin,317484.09,239428.12
O'Donnell's Pharmacy,"Unit 2 Shankill Shopping Centre, Shankill, Co. Dublin",Dublin,325424.73,222026.07
O'Hara's Pharmacy,"14 Redmond's Hill, Dublin 2",Dublin,315467.752,233374.876
O'Keeffe's Pharmacy,"111 Malahide Road, Donnycarney, Dublin 3",Dublin,318375.4,237305.27
O.D.C. Pharmacy,"Kilnamanagh Shopping Centre, Tallaght, Dublin 24",Dublin,309341.467,228889.77
O.D.C. Pharmacy,"Unit 2, Laurel Lodge Shopping Centre, Castleknock, Dublin 15",Dublin,308041.93,237594.55
Old County Pharmacy Ltd,"111 Old County Road, Crumlin, Dublin 12",Dublin,312998.22,232103.56
Palmerstown Pharmacy,"Unit 3, Aldi Complex, Old Lucan Road, Palmerstown, Dublin 20",Dublin,308219.656,235326.797
Park Pharmacy,"Unit 2, Park Shopping Centre, Prussia Street, Dublin 7",Dublin,314128.41,235321.24
Park Pharmacy (Cabinteely) Ltd,"Unit 2, Park Shopping Centre, Cabinteely, Dublin 18",Dublin,322701.88,225107.79
Parkwest Pharmacy,"The Plaza, Parkwest Business Park, Nangor Road, Dublin 12",Dublin,308569.06,232473.95
Parnell Pharmacy,"35-41 Parnell Street, Dublin 1",Dublin,315580.31,234757.78
Patrick Street Pharmacy,"7 Ardilaun Court, Patrick Street, Dublin 8",Dublin,315104.09,233710.6
Pelly's Pharmacy Ltd,"26 Fassaugh Avenue, Cabra West, Dublin 7",Dublin,313675.65,236535.79
Perrystown Pharmacy,"182 Whitehall Road West, Perrystown, Dublin 12",Dublin,312051.59,229937.43
Pharmacy Department,"Peamount Hospital, Newcastle, Co. Dublin",Dublin,301298.22,230701.89
Pharmacy Department - A. M. N. C. H.,"Tallaght, Dublin 24",Dublin,308195.8,227903.54
Pharmacy Department - Cappagh Hospital,"Finglas, Dublin 11",Dublin,311296.03,239526.26
Pharmacy Department - Leopardstown Park Hospital,"Foxrock, Dublin 18",Dublin,320065.04,225782.58
Pharmacy Department - St. Patrick's Hospital,"P.O. Box 136, James's Street, Dublin 8",Dublin,313814.96,233975.37
"Pharmacy Department, Beacon Hospital","Sandyford, Dublin 18",Dublin,318789.19,226613.11
"Pharmacy Department, Beaumont Hospital","Beaumont Road, Beaumont, Dublin 9",Dublin,318236.44,239272.33
"Pharmacy Department, Bon Secours Hospital","Glasnevin, Dublin 9",Dublin,315358.18,237561.99
"Pharmacy Department, Children's University Hospital","Temple Street, Dublin 1",Dublin,315765.47,235457.88
"Pharmacy Department, Connolly Hospital","Blanchardstown, Dublin 15",Dublin,308621.21,238816.27
"Pharmacy Department, Coombe Women & Infants University Hospital","Cork Street, Dolphins Barn, Dublin 8",Dublin,314022,232960.23
"Pharmacy Department, Mater Misericordiae University Hospital","Eccles Street, Dublin 7",Dublin,315346.91,235726.37
"Pharmacy Department, Mater Private Hospital","Pharmacy Department, Eccles Street, Dublin 7",Dublin,315610.5,235580.97
"Pharmacy Department, National Maternity Hospital","Holles Street, Dublin 2",Dublin,316879.34,233631.77
"Pharmacy Department, National Rehabilitation Hospital","Rochestown Avenue, Dun Laoghaire, Co. Dublin",Dublin,323286.41,226618.1
"Pharmacy Department, Our Lady's Hospice","Harold's Cross, Dublin 6W",Dublin,314552.45,232049.92
"Pharmacy Department, Our Lady's Hospital For Sick Children","Crumlin, Dublin 12",Dublin,312080.59,231933.93
"Pharmacy Department, Rotunda Hospital","Parnell Square, Dublin 1",Dublin,315603.81,235037.94
"Pharmacy Department, Royal Victoria Eye And Ear Hospital","Royal Victoria Eye And Ear Hospital, Adelaide Road, Dublin 2",Dublin,316220.82,232789.22
"Pharmacy Department, St Luke's Hospital","Highfield Road, Rathgar, Dublin 6",Dublin,315529.35,230248.04
"Pharmacy Department, St. Columcille's Hospital","Loughlinstown, Co. Dublin",Dublin,324726.01,222982.95
"Pharmacy Department, St. Francis Hospice","Station Road, Raheny, Dublin 5",Dublin,321489.59,238724.97
"Pharmacy Department, St. James' Hospital","James's Street, Dublin 8",Dublin,313699.71,233584.82
"Pharmacy Department, St. John Of God Hospital Stillorgan","Stillorgan, Co. Dublin",Dublin,320610.94,227699.03
"Pharmacy Department, St. Michaels Hospital","Lower Georges Street, Dun Laoghaire, Co. Dublin",Dublin,324171.67,228644.5
"Pharmacy Department, St. Vincent's Private Hospital","Pharmacy Department, Merrion Road, Dublin 4",Dublin,319125.97,231053.23
"Pharmacy Department, St. Vincent's Psychiatric Hospital","Convent Avenue, Richmond Road, Fairview, Dublin 3, Dublin 3",Dublin,316945.81,236571.68
"Pharmacy Department, St. Vincent's University Hospital","Elm Park, Dublin 4",Dublin,319125.97,231053.23
Pharmacy Merrion Centre Ltd,"Merrion S. Centre, Merrion Road, Dublin 4",Dublin,319070.94,231309.22
Pharmacy O'Regan,"4 Drogheda Street, Balbriggan, Co. Dublin",Dublin,320268.47,263758.53
Pharmacy O'Regan,"67 Vernon Aveune, Clontarf, Dublin 3",Dublin,320194.06,236167.35
Pharmacy O'Regan,"36a Talbot Street, Dublin 1",Dublin,316444.77,234847.07
Pharmacy O'Regan,"Unit 4 - 6, Old Bawn Shopping Centre, Tallaght, Dublin 24",Dublin,309855.394,226319.142
Pharmacy O'Reilly,"38 Tonlegee Road, Coolock, Dublin 5",Dublin,320121.04,239104.2
Pharmacy O'Reilly,"2 Mornington Park, Malahide Road, Artane, Dublin 5",Dublin,319315.42,238374.91
Pharmhealth Integrative Pharmacy,"Henry Grattan Building, Dublin City University, Glasnevin, Dublin 9",Dublin,316184.09,238508.95
Phelan's Pharmacy,"Unit 1, Mount Saint Anne's, Milltown, Dublin 6",Dublin,316918.218,230655.962
Phelan's Pharmacy,"633 South Circular Road, Kilmainham, Dublin 8",Dublin,312760.18,233513.385
Phelans Pharmacy,"22 Lower Clanbrassil Street, Dublin 8",Dublin,315037.22,232980.17
Poppintree Pharmacy,"Unit 6, Poppintree Neighbourhood Centre, Poppintree Parade, Ballymun, Dublin 11",Dublin,314682,240219.03
Prescription Services Limited (Reddy's Pharmacy),"Reddy's Pharmacy, 167 Saint Mobhi Road, Dublin 9",Dublin,315243.57,237001.76
Price's Medical Hall,"26 Clare Street, Dublin 2",Dublin,316464.42,233757.71
Procare Pharmacy U.C.D.,"The Pharmacy, Ucd Student Centre, University College Dublin, Stillorgan Road, Dublin 4",Dublin,318183.75,230119.547
Pure Pharmacy,"Terminal 2, Dublin Airport, Co. Dublin",Dublin,317008.969,243170.156
Pure Pharmacy,"Unit 4, The Barley Store, Baker's Yard, Portland Street North, Dublin 1",Dublin,316076.4386,235775.453
Pure Pharmacy,"Unit 4, Phoenix Shopping Centre, Ballyfermot Road, Dublin 10",Dublin,308490.5366,233901.7289
Quinn's Medical Hall (Malahide) Limited,"1a Church Road, Malahide, Co. Dublin",Dublin,322703.2,246038.35
Rafferty Chemist Ltd,"Unit 6, Cornelscourt S. Centre, Cornelscourt, Dublin 18",Dublin,322794.37,225555.9
Rafferty Chemist Ltd,"Stillorgan S. Centre, Stillorgan, Co. Dublin",Dublin,320020.91,228043.38
Rathcoole Pharmacy,"Unit 1, Rathcoole Shopping Centre, Rathcoole, Co. Dublin",Dublin,302407.94,226765.26
Rathgar Pharmacy,"5-7 Terenure Road East, Rathgar, Dublin 6",Dublin,315032.25,230411.76
Rathmines Pharmacy,"114 Lower Rathmines Road, Rathmines, Dublin 6",Dublin,315664.33,232030.08
Reidy's Pharmacy Ltd,"Main Street, Rathcoole, Co. Dublin",Dublin,301799.07,226721.13
Reilly's Pharmacy,"Unit 2, Bertram Court, Cornmarket, Dublin 8",Dublin,314814.594,233955.75
Reilly's Pharmacy Clondalkin,"5 Castle Crescent, Monastery Road, Clondalkin, Dublin 22",Dublin,307333.75,231284.55
Remedi Pharmacy,"Unit 8, Custom House Square, Irish Financial Services Centre, Dublin 1",Dublin,317079.97,234650.53
Reynolds Pharmacy,"42 Manor Road, Palmerstown, Dublin 20",Dublin,308706.6,234680.01
Rivervalley Pharmacy,"Unit 1 -Rivervalley S.C., Swords, Co. Dublin",Dublin,316740.5,246127.75
Rivervalley Pharmacy,"River Valley Shopping Centre, River Valley Road, Swords, Co. Dublin",Dublin,316668.5,246150.75
Roches Chemist,"165 Upper Rathmines Road, Rathmines, Dublin 6",Dublin,315657.09,230884.74
Rockfield Pharmacy,"Unit 2, Rockfield Central, Dublin 16, D16 K295",Dublin,317582.9696,227653.1249
Rockville Pharmacy,"7 Rockville Road, Newtown Park Avenue, Blackrock, Co. Dublin",Dublin,321945.08,228226.08
Roebuck Pharmacy,"7 Farmhill Road, Goatstown, Dublin 14",Dublin,317617.67,228989.33
Rossfield Pharmacy,"Brookfield Enterprise Centre, Rossfield Avenue, Dublin 24",Dublin,306395.563,227567.234
Rush Allcare Pharmacy,"37 Upper Main Street, Rush, Co. Dublin, K56fn29",Dublin,326386.9646,254181.501
Ryan's Pharmacy G.S.C.,"Unit 1, Greendale Shopping Centre, Kilbarrack, Dublin 5",Dublin,322766.364,238813.062
Saggart Pharmacy,"Unit 12, Slade Castle Court, Saggart, Co. Dublin",Dublin,303675.0316,226584.4529
Saint Patrick's Pharmacy Ltd,"St. Patrick's Road, Greenhills, Dublin 12",Dublin,311548.24,230120.4
Sam McCauley Chemists,"Aldi Shopping Centre, Newlands Cross, Clondalkin, Dublin 22",Dublin,307072.94,230456.09
Sam McCauley Chemists,"65/66 Glasthule Road, Dun Laoghaire, Co. Dublin",Dublin,325211.16,227941.75
Sandycove Pharmacy,"60 Glasthule Road, Dun Laoghaire, Co. Dublin",Dublin,325230.38,227933.1
Sandymount Pharmacy,"1a Sandymount Green, Sandymount, Dublin 4",Dublin,318952.66,232797.52
Shannon's Pharmacy,"Rosemount Shopping Centre, Marian Road, Rathfarnham, Dublin 14",Dublin,313509.046,228010.436
Shannon's Templeogue Pharmacy,"Templeogue Village, Templeogue, Dublin 6W",Dublin,313105.37,228882.267
Sheane's Pharmacy,"92 Foxrock Avenue, Foxrock, Dublin 18",Dublin,321940.5,226826.46
Shelbourne Pharmacy Limited,"19 Irishtown Road, Dublin 4",Dublin,318345.5,233630.06
Sheridan's Pharmacy,"Unit 0, Roselawn Shopping Centre, Roselawn, Blanchardstown, Dublin 15",Dublin,307726.906,238138.172
Shopping Centre Pharmacy Limited,"Superquinn Shopping Centre, Sundrive Road, Kimmage, Dublin 6W",Dublin,313836.02,231205.71
Skerries Allcare Pharmacy,"38 Strand Street, Skerries, Co. Dublin, K34ry73",Dublin,325407.9476,260457.727
Slievemore Pharmacy,"Old Dublin Road, Stillorgan, Co. Dublin",Dublin,320010.08,228391.56
Smith's Pharmacy,"409 North Circular Road, Dublin 7, D07w954",Dublin,315418.2446,235868.6439
South Circular Pharmacy,"80, South Circular Road, Dublin 8",Dublin,315075.2,232707.61
South William Street Pharmacy,"38 South William Street, Dublin 2",Dublin,315715.84,233700.11
Springfield Medicare Limited,"Springfield Medicare Ltd, Alderwood Court, Tallaght, Dublin 24",Dublin,307935.6,227540.61
St. Brendan's Hospital c/o St. Mary's Hospital,"St. Mary's Hospital, Phoenix Park, Dublin 20",Dublin,310817.053,234621.068
St. Gabriel's Pharmacy,"28 St. Gabriel's Road, Clontarf, Dublin 3",Dublin,320922.23,236444.16
St. James's Late Night Pharmacy,"The Concourse, St. James's Hospital, James's Street, Dublin 8",Dublin,313413.47,233382.38
Stack's Pharmacy,"Units 4 - 5 Harts Corner, Glasnevin, Dublin 9",Dublin,315078.09,236464.72
Stack's Pharmacy,"Unit 6, Holmpatrick Shopping Centre, Shenick Road, Skerries, Co. Dublin",Dublin,325524.06,259514.46
Stack's Pharmacy,"Lusk Shopping Centre, Station Road, Lusk, Co. Dublin",Dublin,321794.69,254457.89
Stanley's Pharmacy Ltd,"Unit 3, Mountview Shopping Centre, Blanchardstown, Dublin 15",Dublin,306161.39,238948.21
Stationview Construction Ltd,"Unit 3, Bayside Shopping Centre, Bayside, Dublin 13",Dublin,323767.78,239177.11
Strand Street Pharmacy,"88a Strand Street, Skerries, Co. Dublin, K34c974",Dublin,325363.2166,260496.867
Summerhill Pharmacy,"4 Bakers's Street, Portland Street, Dublin 1",Dublin,316152.438,235752.453
Superpharm Chemists,"Unit 8, Main Centre, Finglas, Dublin 11",Dublin,313303.48,238992.18
Sutton Cross Pharmacy,"Sutton, Dublin 13",Dublin,325863.167,239334.167
Swords Castle Pharmacy,"Bridge Street, Castle Shopping Centre, Swords, Co. Dublin",Dublin,318203.156,246895.516
TCP,"Temperature Controlled Pharmaceuticals, Unit 15-17, Willow Business Park, Knockmitten Lane, Dublin 12",Dublin,309070.5636,231821.9999
Terenure Pharmacy,"86 Terenure Road East, Dublin 6",Dublin,314516.26,230227.38
Tesco Pharmacy,"Millfield Shopping Centre, Naul Road, Balbriggan, Co. Dublin",Dublin,319368,263385.7
The Rise Pharmacy,"Unit 1, The Rise, Glasnevin, Dublin 9",Dublin,315666.564,237911.896
The Rise Pharmacy,"31 The Rise, Mount Merrion, Co. Dublin",Dublin,319456.72,229136.88
The Strand Pharmacy Limited,"Unit 1, 149 North Strand Road, Dublin 3",Dublin,317030.656,235507.766
The Temple Bar Pharmacy,"21 Essex Street East, Temple Bar, Dublin 2",Dublin,315631.91,234196.92
The Village Pharmacy,"19 Main Street, Coolock Village, Dublin 5",Dublin,319721.24,239099.15
Thom's Pharmacy,"151 Kimmage Road Lower, Dublin 6w, D6W NY95",Dublin,313949.2216,231302.4249
Thomas Street Pharmacy,"55 Thomas Street, Dublin 8",Dublin,314730.531,233849.75
Tony Walsh Pharmacy Rathfarnham Ltd,"Rathfarnham Shopping Centre, Rathfarnham, Dublin 14",Dublin,313570.88,228704.55
Touchstone Pharmacy,"Main Street, Mulhuddart, Dublin 15",Dublin,306558.85,240384.93
Tracey's Pharmacy,"18 Eden Quay, Dublin 1",Dublin,316060.054,234517.684
Trinity Pharmacy,"40 Westland Row, Dublin 2, D02hw74",Dublin,316530.0096,233907.3899
Tully's Pharmacy,"439, Howth Road, Raheny, Dublin 5",Dublin,321685.7,238192.46
Unicare Pharmacy,"Coolock Village Shopping Centre, Coolock, Dublin 5",Dublin,319748.43,239204.81
Unicare Pharmacy,"Blackrock Shopping Centre, Blackrock, Co. Dublin",Dublin,321385.79,229494.68
Unicare Pharmacy,"8 Terenure Road East, Rathgar, Dublin 6",Dublin,315020.22,230436.98
Walsh's Pharmacy,"491 South Circular Road, Rialto, Dublin 8",Dublin,313332.97,233216.86
We Care Pharmacy,"T’Û’äs, 66 Saint Agnes Road, Dublin 12",Dublin,312124.563,230921.757
Wexford Street Pharmacy,"6 Wexford Street, Dublin 2, D02eh30",Dublin,315509.8996,233288.2239
Your Local Pharmacy,"310 Ballyfermot Road, Ballyfermot, Dublin 10",Dublin,309684.47,233712.99
Your Local Pharmacy,"Unit 2, Mc Govern's Corner, Cork Street, Dublin 8",Dublin,314165.41,233228.42
Your Local Pharmacy,"Unit 6 Superquinn S. Centre, Ballinteer Avenue, Dublin 16",Dublin,316577.17,226397.73
Your Local Pharmacy,"Unit C6, Beacon South Quarter, Sandyford Industrial Estate, Sandyford, Dublin 18",Dublin,319056.22,226800.66